[
  {
    "timestamp": "2025-11-09T09:06:25.458Z",
    "expiryTimestamp": "2025-12-10T09:06:25.315Z",
    "fileName": "IMG_4195.jpg",
    "url": "https://pics.re/u/nWYd8n.jpg"
  },
  {
    "timestamp": "2025-11-09T03:16:15.520Z",
    "expiryTimestamp": "2025-12-10T03:16:15.423Z",
    "fileName": "IMG_4194.jpg",
    "url": "https://pics.re/u/yo26Hv.jpg"
  },
  {
    "timestamp": "2025-11-09T03:12:38.365Z",
    "expiryTimestamp": "2025-12-10T03:12:38.240Z",
    "fileName": "IMG_4195.jpg",
    "url": "https://pics.re/u/1LIyrH.jpg"
  }
]