[
  {
    "timestamp": "2025-11-14T01:07:26.919Z",
    "expiryTimestamp": "2025-12-15T01:07:24.521Z",
    "fileName": "192971487932696744.mov",
    "url": "https://pics.re/u/WnzsXe.mov"
  },
  {
    "timestamp": "2025-11-14T01:00:46.389Z",
    "expiryTimestamp": "2025-12-15T01:00:44.664Z",
    "fileName": "lewinray_exposed___content_dieb_t2f4ofz4j5k_de98a910.mov",
    "url": "https://pics.re/u/s97mZ2.mov"
  },
  {
    "timestamp": "2025-11-14T01:00:08.687Z",
    "expiryTimestamp": "2025-12-15T01:00:08.503Z",
    "fileName": "IMG_4345.jpg",
    "url": "https://pics.re/u/mfe75h.jpg"
  },
  {
    "timestamp": "2025-11-14T00:40:50.255Z",
    "expiryTimestamp": "2025-12-15T00:40:50.027Z",
    "fileName": "ScreenRecording_11-14-2025_1-38-38_AM_1.mov",
    "url": "https://pics.re/u/s3L0TA.mov"
  },
  {
    "timestamp": "2025-11-14T00:39:25.167Z",
    "expiryTimestamp": "2025-12-15T00:39:24.612Z",
    "fileName": "pp_wallpaper_phone_base.psd",
    "url": "https://pics.re/u/kHF72U.psd"
  },
  {
    "timestamp": "2025-11-13T22:59:18.861Z",
    "expiryTimestamp": "2025-12-14T22:59:18.370Z",
    "fileName": "IMG_2732.mov",
    "url": "https://pics.re/u/wzga1r.mov"
  },
  {
    "timestamp": "2025-11-13T12:57:11.452Z",
    "expiryTimestamp": "2025-12-14T12:56:47.012Z",
    "fileName": "axel_in_harlem.gif",
    "url": "https://pics.re/u/0654qv.gif"
  },
  {
    "timestamp": "2025-11-13T12:48:18.473Z",
    "expiryTimestamp": "2025-12-14T12:48:18.163Z",
    "fileName": "ScreenRecording_11-13-2025_1-44-18_PM_1.mov",
    "url": "https://pics.re/u/UAOEZt.mov"
  },
  {
    "timestamp": "2025-11-13T12:44:26.743Z",
    "expiryTimestamp": "2025-12-14T12:44:26.648Z",
    "fileName": "1000225879.jpg",
    "url": "https://pics.re/u/AJey46.jpg"
  },
  {
    "timestamp": "2025-11-13T11:30:28.486Z",
    "expiryTimestamp": "2025-12-14T11:30:28.331Z",
    "fileName": "IMG_4322.mov",
    "url": "https://pics.re/u/zCKXi2.mov"
  },
  {
    "timestamp": "2025-11-13T00:28:01.697Z",
    "expiryTimestamp": "2025-12-14T00:28:01.511Z",
    "fileName": "ScreenRecording_11-13-2025_12-58-39_AM_1.mov",
    "url": "https://pics.re/u/yB1e9d.mov"
  },
  {
    "timestamp": "2025-11-12T23:58:50.747Z",
    "expiryTimestamp": "2025-12-13T23:58:50.657Z",
    "fileName": "camphoto_126398554.jpg",
    "url": "https://pics.re/u/Mah9w0.jpg"
  },
  {
    "timestamp": "2025-11-12T23:55:21.654Z",
    "expiryTimestamp": "2025-12-13T23:55:21.268Z",
    "fileName": "IMG_4300.mov",
    "url": "https://pics.re/u/cwxT0I.mov"
  },
  {
    "timestamp": "2025-11-12T18:15:58.230Z",
    "expiryTimestamp": "2025-12-13T18:15:58.001Z",
    "fileName": "3743930960916785677.mov",
    "url": "https://pics.re/u/VE5UsS.mov"
  },
  {
    "timestamp": "2025-11-12T13:18:47.157Z",
    "expiryTimestamp": "2025-12-13T13:18:47.031Z",
    "fileName": "3752449675648082990.mov",
    "url": "https://pics.re/u/WoWtzV.mov"
  },
  {
    "timestamp": "2025-11-12T13:15:08.548Z",
    "expiryTimestamp": "2025-12-13T13:15:08.395Z",
    "fileName": "3752449675648082990.mov",
    "url": "https://pics.re/u/rAhcBA.mov"
  },
  {
    "timestamp": "2025-11-11T01:15:53.826Z",
    "expiryTimestamp": "2025-12-12T01:15:53.697Z",
    "fileName": "20250121_192217.mov",
    "url": "https://pics.re/u/GXGcLX.mov"
  },
  {
    "timestamp": "2025-11-10T23:59:24.352Z",
    "expiryTimestamp": "2025-12-11T23:59:24.277Z",
    "fileName": "image.png",
    "url": "https://pics.re/u/TtBdb6.png"
  },
  {
    "timestamp": "2025-11-10T23:54:46.419Z",
    "expiryTimestamp": "2025-12-11T23:54:46.129Z",
    "fileName": "ScreenRecording_11-09-2025_4-04-20_AM_1.mov",
    "url": "https://pics.re/u/x7UZ1a.mov"
  },
  {
    "timestamp": "2025-11-10T23:54:00.497Z",
    "expiryTimestamp": "2025-12-11T23:54:00.279Z",
    "fileName": "92291F63-8F6E-4F9C-821D-4AEA008BB1A6.mov",
    "url": "https://pics.re/u/WniHX2.mov"
  },
  {
    "timestamp": "2025-11-10T23:53:18.024Z",
    "expiryTimestamp": "2025-12-11T23:53:17.983Z",
    "fileName": "IMG_4258.png",
    "url": "https://pics.re/u/FwvNLc.png"
  },
  {
    "timestamp": "2025-11-10T23:53:15.013Z",
    "expiryTimestamp": "2025-12-11T23:53:14.736Z",
    "fileName": "IMG_4259.png",
    "url": "https://pics.re/u/BkWKlG.png"
  },
  {
    "timestamp": "2025-11-10T18:18:06.472Z",
    "expiryTimestamp": "2025-12-11T18:18:06.246Z",
    "fileName": "3756334048206191984.mov",
    "url": "https://pics.re/u/XMSski.mov"
  },
  {
    "timestamp": "2025-11-09T13:36:27.850Z",
    "expiryTimestamp": "2025-12-10T13:36:18.672Z",
    "fileName": "osu_2025.11.09_-_14.29.45.06.mp4",
    "url": "https://pics.re/u/66UuAm.mp4"
  },
  {
    "timestamp": "2025-11-09T13:18:00.609Z",
    "expiryTimestamp": "2025-12-10T13:17:55.869Z",
    "fileName": "Desktop_2025.10.07_-_08.18.07.12.mp4",
    "url": "https://pics.re/u/HhGU29.mp4"
  },
  {
    "timestamp": "2025-11-09T13:06:10.794Z",
    "expiryTimestamp": "2025-12-10T13:06:09.215Z",
    "fileName": "united-fart_1_prob4_1.mp4",
    "url": "https://pics.re/u/BdXZFk.mp4"
  },
  {
    "timestamp": "2025-11-09T12:54:44.942Z",
    "expiryTimestamp": "2025-12-10T12:54:43.745Z",
    "fileName": "united-fart_1_prob4_1.mp4",
    "url": "https://pics.re/u/Zlr1jk.mp4"
  },
  {
    "timestamp": "2025-11-09T12:52:57.999Z",
    "expiryTimestamp": "2025-12-10T12:52:47.065Z",
    "fileName": "axel_in_harlem.gif",
    "url": "https://pics.re/u/yjxbR4.gif"
  },
  {
    "timestamp": "2025-11-09T08:54:55.828Z",
    "expiryTimestamp": "2025-12-10T08:54:55.225Z",
    "fileName": "chase_sus.psd",
    "url": "https://pics.re/u/pYL5EU.psd"
  },
  {
    "timestamp": "2025-11-09T03:06:28.591Z",
    "expiryTimestamp": "2025-12-10T03:06:28.477Z",
    "fileName": "IMG_4194.jpg",
    "url": "https://pics.re/u/bk5DjM.jpg"
  },
  {
    "timestamp": "2025-11-09T03:06:06.847Z",
    "expiryTimestamp": "2025-12-10T03:06:06.746Z",
    "fileName": "IMG_4193.jpg",
    "url": "https://pics.re/u/CMEstb.jpg"
  },
  {
    "timestamp": "2025-11-09T03:05:58.541Z",
    "expiryTimestamp": "2025-12-10T03:05:58.507Z",
    "fileName": "IMG_4194.jpg",
    "url": "https://pics.re/u/hRqSyZ.jpg"
  },
  {
    "timestamp": "2025-11-09T03:05:53.920Z",
    "expiryTimestamp": "2025-12-10T03:05:53.805Z",
    "fileName": "IMG_4194.jpg",
    "url": "https://pics.re/u/LVyEBs.jpg"
  },
  {
    "timestamp": "2025-11-09T03:05:49.331Z",
    "expiryTimestamp": "2025-12-10T03:05:49.237Z",
    "fileName": "IMG_4195.jpg",
    "url": "https://pics.re/u/MgCQSV.jpg"
  },
  {
    "timestamp": "2025-11-09T03:04:33.632Z",
    "expiryTimestamp": "2025-12-10T03:04:33.575Z",
    "fileName": "IMG_4173.png",
    "url": "https://pics.re/u/8IFKZa.png"
  },
  {
    "timestamp": "2025-11-09T03:00:09.183Z",
    "expiryTimestamp": "2025-12-10T03:00:09.056Z",
    "fileName": "IMG_4168.png",
    "url": "https://pics.re/u/OgCI0o.png"
  },
  {
    "timestamp": "2025-11-09T02:25:18.379Z",
    "expiryTimestamp": "2025-12-10T02:25:18.379Z",
    "fileName": "IMG_1410.PNG",
    "url": "https://pics.re/u/qz4XmG.PNG"
  },
  {
    "timestamp": "2025-11-09T02:23:00.473Z",
    "fileName": "GASP.gif",
    "expiryTimestamp": "2025-12-10T02:25:18.379Z",
    "url": "https://pics.re/u/zAwrgv.gif"
  }
]