[
  {
    "timestamp": "2025-11-09T02:57:00.620Z",
    "expiryTimestamp": "2025-12-10T02:57:00.541Z",
    "fileName": "IMG_4170.png",
    "url": "https://pics.re/u/454KSb.png"
  },
  {
    "timestamp": "2025-11-09T02:54:27.532Z",
    "expiryTimestamp": "2025-12-10T02:54:27.427Z",
    "fileName": "20251108_143848.jpg",
    "url": "https://pics.re/u/S4cqXc.jpg"
  },
  {
    "timestamp": "2025-11-09T02:50:43.478Z",
    "expiryTimestamp": "2025-12-10T02:50:43.394Z",
    "fileName": "20251108_143829.jpg",
    "url": "https://pics.re/u/iDUqJe.jpg"
  },
  {
    "timestamp": "2025-11-09T02:45:20.457Z",
    "expiryTimestamp": "2025-12-10T02:45:20.457Z",
    "fileName": "20251108_143848.jpg",
    "url": "https://pics.re/u/E1Fp3L.jpg"
  },
  {
    "timestamp": "2025-11-09T02:43:24.854Z",
    "expiryTimestamp": "2025-12-10T02:43:24.854Z",
    "fileName": "image_2025-10-30_19-56-51.png",
    "url": "https://pics.re/u/BNE2JG.png"
  },
  {
    "timestamp": "2025-11-09T02:41:53.458Z",
    "expiryTimestamp": "2025-12-10T02:41:53.458Z",
    "fileName": "image_2025-10-30_19-56-51.png",
    "url": "https://pics.re/u/0SQsSH.png"
  },
  {
    "timestamp": "2025-11-09T02:41:21.333Z",
    "expiryTimestamp": "2025-12-10T02:41:21.333Z",
    "fileName": "image_2025-10-30_19-56-51.png",
    "url": "https://pics.re/u/v39HrU.png"
  },
  {
    "timestamp": "2025-11-09T02:38:23.264Z",
    "expiryTimestamp": "2025-12-10T02:38:23.264Z",
    "fileName": "pawpatrol_gay_transparent.psd",
    "url": "https://pics.re/u/SPItWr.psd"
  },
  {
    "timestamp": "2025-11-09T02:32:30.578Z",
    "expiryTimestamp": "2025-12-10T02:32:30.578Z",
    "fileName": "IMG_3936.PNG",
    "url": "https://pics.re/u/1MmWVn.PNG"
  }
]